{
    "mediums": [],
    "materials": [
        {
            "name": "null",
            "type": "lambert",
            "albedo": 0
        },
        {
            "name": "Boxes",
            "albedo": [
                0.48304399847984314,
                0.38466399908065796,
                0.30156099796295166
            ],
            "type": "lambert"
        },
        {
            "name": "PlasticCable",
            "albedo": 0.558543,
            "type": "lambert"
        },
        {
            "name": "LampEmitter",
            "albedo": 0.64,
            "type": "lambert"
        },
        {
            "name": "Blankets",
            "albedo": [
                0.48543548583984375,
                0.4562634229660034,
                0.42807474732398987
            ],
            "type": "lambert"
        },
        {
            "name": "Bedsheets",
            "albedo": "textures/wallpaper-1.jpg",
            "type": "lambert"
        },
        {
            "name": "Window",
            "albedo": 0.028173,
            "type": "lambert"
        },
        {
            "name": "PictureBacking",
            "albedo": [
                0.11156699806451797,
                0.037067998200654984,
                0.01701599918305874
            ],
            "type": "lambert"
        },
        {
            "name": "Picture",
            "albedo": "textures/Teapot.png",
            "type": "lambert"
        },
        {
            "name": "Rocks1",
            "albedo": [
                0.35082700848579407,
                0.24298599362373352,
                0.17882999777793884
            ],
            "type": "lambert"
        },
        {
            "name": "Rocks2",
            "albedo": 0.098964,
            "type": "lambert"
        },
        {
            "name": "Rocks3",
            "albedo": 0.558544,
            "type": "lambert"
        },
        {
            "name": "DecoPlant",
            "albedo": [
                0.04177200049161911,
                0.01130599994212389,
                0.007575000170618296
            ],
            "type": "lambert"
        },
        {
            "name": "Painting",
            "albedo": 0.015396,
            "type": "lambert"
        },
        {
            "name": "Carpet",
            "albedo": 0.034499,
            "type": "lambert"
        },
        {
            "name": "Matress",
            "albedo": 0.893289,
            "type": "lambert"
        },
        {
            "name": "WoodFloor",
            "albedo": "textures/wood4.jpg",
            "type": "plastic",
            "ior": 1.5,
            "thickness": 1.0,
            "sigma_a": 0.0,
            "distribution": "ggx",
            "roughness": 0.15
        },
        {
            "name": "Walls2",
            "albedo": 0.799999,
            "type": "lambert"
        },
        {
            "name": "WoodFurniture",
            "albedo": "textures/panel-wood-3.jpg",
            "type": "plastic",
            "ior": 1.5,
            "thickness": 1.0,
            "sigma_a": 0.0,
            "distribution": "beckmann",
            "roughness": 0.15
        },
        {
            "name": "Walls",
            "albedo": 0.799999,
            "type": "lambert"
        },
        {
            "name": "Mirror",
            "albedo": 1.0,
            "type": "mirror"
        },
        {
            "name": "Aluminium",
            "albedo": 1.0,
            "type": "conductor",
            "distribution": "ggx",
            "roughness": 0.2,
            "material": "Al"
        },
        {
            "name": "BookCover",
            "albedo": 0.0,
            "type": "lambert"
        },
        {
            "name": "BookPages",
            "albedo": 0.567027,
            "type": "lambert"
        },
        {
            "name": "LampMetal",
            "albedo": 1.0,
            "type": "conductor",
            "distribution": "ggx",
            "roughness": 0.1,
            "material": "Al"
        },
        {
            "name": "LampGlass",
            "albedo": 1.0,
            "type": "dielectric",
            "ior": 1.5,
            "distribution": "beckmann",
            "enable_refraction": true,
            "roughness": 0.1
        },
        {
            "name": "PictureFrame",
            "albedo": 1.0,
            "type": "conductor",
            "distribution": "beckmann",
            "roughness": 0.1,
            "material": "Al"
        },
        {
            "name": "Glass",
            "albedo": 1.0,
            "type": "dielectric",
            "ior": 1.5,
            "enable_refraction": true
        },
        {
            "name": "Vase",
            "albedo": 1.0,
            "type": "dielectric",
            "ior": 1.5,
            "enable_refraction": true
        },
        {
            "name": "Curtains",
            "albedo": 1.0,
            "type": "lambert"
        },
        {
            "name": "CurtainRod",
            "albedo": 0.5,
            "type": "conductor",
            "distribution": "ggx",
            "roughness": 0.1,
            "material": "Al"
        },
        {
            "name": "StainlessSmooth",
            "albedo": 1.0,
            "type": "mirror"
        }
    ],
    "entities": [
        {
            "transform": {},
            "type": "mesh",
            "file": "models/Mesh044.obj",
            "material": "Aluminium"
        },
        {
            "transform": {},
            "type": "mesh",
            "file": "models/Mesh047.obj",
            "material": "Aluminium"
        },
        {
            "transform": {},
            "type": "mesh",
            "file": "models/Mesh032.obj",
            "material": "WoodFurniture"
        },
        {
            "transform": {},
            "type": "mesh",
            "file": "models/Mesh028.obj",
            "material": "StainlessSmooth"
        },
        {
            "transform": {},
            "type": "mesh",
            "file": "models/Mesh046.obj",
            "material": "Aluminium"
        },
        {
            "transform": {},
            "type": "mesh",
            "file": "models/Mesh027.obj",
            "material": "Aluminium"
        },
        {
            "transform": {},
            "type": "mesh",
            "file": "models/Mesh022.obj",
            "material": "Aluminium"
        },
        {
            "transform": {},
            "type": "mesh",
            "file": "models/Mesh042.obj",
            "material": "Aluminium"
        },
        {
            "transform": {},
            "type": "mesh",
            "file": "models/Mesh036.obj",
            "material": "Aluminium"
        },
        {
            "transform": {},
            "type": "mesh",
            "file": "models/Mesh043.obj",
            "material": "Aluminium"
        },
        {
            "transform": {},
            "type": "mesh",
            "file": "models/Mesh040.obj",
            "material": "Aluminium"
        },
        {
            "transform": {},
            "type": "mesh",
            "file": "models/Mesh037.obj",
            "material": "LampGlass"
        },
        {
            "transform": {},
            "type": "mesh",
            "file": "models/Mesh026.obj",
            "material": "LampGlass"
        },
        {
            "transform": {},
            "type": "mesh",
            "file": "models/Mesh023.obj",
            "material": "LampMetal"
        },
        {
            "transform": {},
            "type": "mesh",
            "file": "models/Mesh059.obj",
            "material": "LampEmitter"
        },
        {
            "transform": {},
            "type": "mesh",
            "file": "models/Mesh049.obj",
            "material": "LampGlass"
        },
        {
            "transform": {},
            "type": "mesh",
            "file": "models/Mesh060.obj",
            "material": "WoodFloor"
        },
        {
            "transform": {},
            "type": "mesh",
            "file": "models/Mesh033.obj",
            "material": "DecoPlant"
        },
        {
            "transform": {},
            "type": "mesh",
            "file": "models/Mesh025.obj",
            "material": "Rocks1"
        },
        {
            "transform": {},
            "type": "mesh",
            "file": "models/Mesh055.obj",
            "material": "Rocks2"
        },
        {
            "transform": {},
            "type": "mesh",
            "file": "models/Mesh035.obj",
            "material": "Rocks3"
        },
        {
            "transform": {},
            "type": "mesh",
            "file": "models/Mesh048.obj",
            "material": "LampGlass"
        },
        {
            "transform": {},
            "type": "mesh",
            "file": "models/Mesh056.obj",
            "material": "LampMetal"
        },
        {
            "transform": {},
            "type": "mesh",
            "file": "models/Mesh058.obj",
            "material": "PlasticCable"
        },
        {
            "transform": {},
            "type": "mesh",
            "file": "models/Mesh061.obj",
            "material": "LampEmitter"
        },
        {
            "transform": {},
            "type": "mesh",
            "file": "models/Mesh051.obj",
            "material": "LampGlass"
        },
        {
            "transform": {},
            "type": "mesh",
            "file": "models/Mesh066.obj",
            "material": "LampMetal"
        },
        {
            "transform": {},
            "type": "mesh",
            "file": "models/Mesh062.obj",
            "material": "PlasticCable"
        },
        {
            "transform": {},
            "type": "mesh",
            "file": "models/Mesh054.obj",
            "material": "LampEmitter"
        },
        {
            "transform": {},
            "type": "mesh",
            "file": "models/Mesh063.obj",
            "material": "BookCover"
        },
        {
            "transform": {},
            "type": "mesh",
            "file": "models/Mesh064.obj",
            "material": "BookPages"
        },
        {
            "transform": {},
            "type": "mesh",
            "file": "models/Mesh057.obj",
            "material": "Curtains"
        },
        {
            "transform": {},
            "type": "mesh",
            "file": "models/Mesh041.obj",
            "material": "Bedsheets"
        },
        {
            "transform": {},
            "type": "mesh",
            "file": "models/Mesh052.obj",
            "material": "Glass"
        },
        {
            "transform": {},
            "type": "mesh",
            "file": "models/Mesh065.obj",
            "material": "Vase"
        },
        {
            "transform": {},
            "type": "mesh",
            "file": "models/Mesh067.obj",
            "material": "Vase"
        },
        {
            "transform": {},
            "type": "mesh",
            "file": "models/Mesh068.obj",
            "material": "Bedsheets"
        },
        {
            "transform": {},
            "type": "mesh",
            "file": "models/Mesh034.obj",
            "material": "Bedsheets"
        },
        {
            "transform": {},
            "type": "mesh",
            "file": "models/Mesh021.obj",
            "material": "Matress"
        },
        {
            "transform": {
                "position": [
                    -0.4418520927429199,
                    0.0,
                    0.0
                ]
            },
            "type": "mesh",
            "file": "models/Mesh020.obj",
            "material": "Carpet"
        },
        {
            "transform": {
                "position": [
                    -0.4418520927429199,
                    0.0,
                    0.0
                ]
            },
            "type": "mesh",
            "file": "models/Mesh019.obj",
            "material": "Carpet"
        },
        {
            "transform": {
                "position": [
                    -0.10999999940395355,
                    0.0,
                    0.0
                ]
            },
            "type": "mesh",
            "file": "models/Mesh018.obj",
            "material": "Painting"
        },
        {
            "transform": {
                "position": [
                    -0.2358992099761963,
                    0.0,
                    0.0
                ]
            },
            "type": "mesh",
            "file": "models/Mesh017.obj",
            "material": "Painting"
        },
        {
            "transform": {},
            "type": "mesh",
            "file": "models/Mesh015.obj",
            "material": "CurtainRod"
        },
        {
            "transform": {},
            "type": "mesh",
            "file": "models/Mesh014.obj",
            "material": "CurtainRod"
        },
        {
            "transform": {},
            "type": "mesh",
            "file": "models/Mesh012.obj",
            "material": "WoodFurniture"
        },
        {
            "transform": {},
            "type": "mesh",
            "file": "models/Mesh011.obj",
            "material": "Mirror"
        },
        {
            "transform": {},
            "type": "mesh",
            "file": "models/Mesh013.obj",
            "material": "Walls"
        },
        {
            "transform": {},
            "type": "mesh",
            "file": "models/Mesh039.obj",
            "material": "Window"
        },
        {
            "transform": {},
            "type": "mesh",
            "file": "models/Mesh010.obj",
            "material": "Window"
        },
        {
            "transform": {},
            "type": "mesh",
            "file": "models/Mesh031.obj",
            "material": "WoodFurniture"
        },
        {
            "transform": {},
            "type": "mesh",
            "file": "models/Mesh045.obj",
            "material": "StainlessSmooth"
        },
        {
            "transform": {},
            "type": "mesh",
            "file": "models/Mesh038.obj",
            "material": "Mirror"
        },
        {
            "transform": {},
            "type": "mesh",
            "file": "models/Mesh009.obj",
            "material": "WoodFurniture"
        },
        {
            "transform": {},
            "type": "mesh",
            "file": "models/Mesh024.obj",
            "material": "StainlessSmooth"
        },
        {
            "transform": {},
            "type": "mesh",
            "file": "models/Mesh030.obj",
            "material": "WoodFurniture"
        },
        {
            "transform": {},
            "type": "mesh",
            "file": "models/Mesh029.obj",
            "material": "StainlessSmooth"
        },
        {
            "transform": {},
            "type": "mesh",
            "file": "models/Mesh008.obj",
            "material": "Walls2"
        },
        {
            "transform": {},
            "type": "mesh",
            "file": "models/Mesh007.obj",
            "material": "WoodFurniture"
        },
        {
            "transform": {},
            "type": "mesh",
            "file": "models/Mesh006.obj",
            "material": "WoodFurniture"
        },
        {
            "transform": {},
            "type": "mesh",
            "file": "models/Mesh005.obj",
            "material": "StainlessSmooth"
        },
        {
            "transform": {},
            "type": "mesh",
            "file": "models/Mesh004.obj",
            "material": "Curtains"
        },
        {
            "transform": {},
            "type": "mesh",
            "file": "models/Mesh050.obj",
            "material": "PictureFrame"
        },
        {
            "transform": {},
            "type": "mesh",
            "file": "models/Mesh053.obj",
            "material": "PictureBacking"
        },
        {
            "transform": {},
            "type": "mesh",
            "file": "models/Mesh003.obj",
            "material": "Picture"
        },
        {
            "transform": {},
            "type": "mesh",
            "file": "models/Mesh002.obj",
            "material": "Boxes"
        },
        {
            "transform": {},
            "type": "mesh",
            "file": "models/Mesh016.obj",
            "material": "Blankets"
        },
        {
            "transform": {},
            "type": "mesh",
            "file": "models/Mesh001.obj",
            "material": "Blankets"
        },
        {
            "transform": {},
            "type": "mesh",
            "file": "models/Mesh000.obj",
            "material": "Blankets"
        },
        {
            "transform": {
                "position": [
                    -1.4754376411437988,
                    1.1896802186965942,
                    -1.2673535346984863
                ],
                "scale": [
                    1.0648202896118164,
                    1.0,
                    1.815588116645813
                ],
                "rotation": [
                    90.0,
                    0.0,
                    0.0
                ]
            },
            "emission": 32,
            "type": "quad",
            "material": "null"
        },
        {
            "transform": {
                "position": [
                    1.4437944889068604,
                    1.1896802186965942,
                    -1.2673544883728027
                ],
                "scale": [
                    1.0648202896118164,
                    1.0,
                    1.815588116645813
                ],
                "rotation": [
                    90.0,
                    0.0,
                    0.0
                ]
            },
            "emission": 32,
            "type": "quad",
            "material": "null"
        },
        {
            "transform": {
                "position": [
                    -1.1020985841751099,
                    0.09580427408218384,
                    0.0
                ]
            },
            "type": "mesh",
            "file": "models/Mesh018.obj",
            "material": "Painting"
        }
    ],
    "camera": {
        "tonemap": "filmic",
        "resolution": [
            1280,
            720
        ],
        "reconstruction_filter": "tent",
        "transform": {
            "position": [
                3.4555792808532715,
                1.2124358415603638,
                3.2989654541015625
            ],
            "look_at": [
                0.0942695364356041,
                1.1369876861572266,
                0.39623117446899414
            ],
            "up": [
                0.0,
                1.0,
                0.0
            ]
        },
        "type": "pinhole",
        "fov": 65.0
    },
    "integrator": {
        "min_bounces": 0,
        "max_bounces": 64,
        "enable_consistency_checks": false,
        "enable_two_sided_shading": true,
        "type": "path_tracer",
        "enable_light_sampling": true,
        "enable_volume_light_sampling": true
    },
    "renderer": {
        "overwrite_output_files": true,
        "adaptive_sampling": true,
        "enable_resume_render": false,
        "stratified_sampler": true,
        "scene_bvh": true,
        "spp": 2048,
        "spp_step": 16,
        "checkpoint_interval": "0",
        "timeout": "0",
        "output_file": "bedroom.png",
        "resume_render_file": "TungstenRenderState.dat",
        "hdr_output_file": "bedroom.exr"
    }
}